<ROSETTASCRIPTS>
	<SCOREFXNS>
	</SCOREFXNS>
	<TASKOPERATIONS>
		Include rotamer options from the command line
		<InitializeFromCommandline name="ifcl" />
	</TASKOPERATIONS>
	<MOVERS>
		Design the antibody interface
                <PackRotamersMover name="design" scorefxn="REF2015" task_operations="ifcl,rrf" />

                Analyze the resulting interface
                <InterfaceAnalyzerMover name="analyze" scorefxn="REF2015" packstat="0" pack_input="0" pack_separated="1" fixedchains="H,L" />

		Backrub motions of the antibody
		<Backrub name="backrub_motion" pivot_residues="1-224" />
		<GenericMonteCarlo name="backrub" mover_name="backrub_motion" scorefxn_name="REF2015" trials="500" temperature="1.0" recover_low="1" />
	</MOVERS>
	<FILTERS>
	</FILTERS>
	<APPLY_TO_POSE>
	</APPLY_TO_POSE>
	<PROTOCOLS>
		Run three rounds of design followed by backbone motion
		<Add mover="design" />
		<Add mover="backrub" />
		
		<Add mover="design" />
		<Add mover="backrub" />
		
		<Add mover="design" />
		<Add mover="backrub" />

		Calculate interface metrics for the final sequence
		<Add mover="analyze" />

	</PROTOCOLS>
	<OUTPUT scorefxn="REF2015" />
</ROSETTASCRIPTS>
