<ROSETTASCRIPTS>
	<TASKOPERATIONS>
	</TASKOPERATIONS>
	<SCOREFXNS>
		<ScoreFunction name="stage1" weights="input_files/stage1_membrane.wts" symmetric="0">
			<Reweight scoretype="atom_pair_constraint" weight="1"/>
		</ScoreFunction>
		<ScoreFunction name="stage2" weights="input_files/stage2_membrane.wts" symmetric="0">
			<Reweight scoretype="atom_pair_constraint" weight="0.5"/>
		</ScoreFunction>
		<ScoreFunction name="fullatom" weights="input_files/stage3_rlx_membrane.wts" symmetric="0">
			<Reweight scoretype="atom_pair_constraint" weight="0.5"/>
		</ScoreFunction>
		<ScoreFunction name="membrane" weights="membrane_highres_Menv_smooth" symmetric="0">
			<Reweight scoretype="cart_bonded" weight="0.5"/>
			<Reweight scoretype="pro_close" weight="0"/>
		</ScoreFunction>
	</SCOREFXNS>
	<FILTERS>
	</FILTERS>
	<MOVERS>
		<Hybridize name="hybridize" stage1_scorefxn="stage1" stage2_scorefxn="stage2" fa_scorefxn="fullatom" batch="1" stage1_increase_cycles="1.0" stage2_increase_cycles="1.0" linmin_only="1" realign_domains="0"  disulf_file="input_files/3pbl.disulfide">
			<Template pdb="threaded_pdbs/4iar_out.pdb" cst_file="AUTO" weight="1.000" />
			<Template pdb="threaded_pdbs/4bvn_out.pdb" cst_file="AUTO" weight="1.000" />
			<Template pdb="threaded_pdbs/2rh1_out.pdb" cst_file="AUTO" weight="1.000" />
			<Template pdb="threaded_pdbs/5dsg_out.pdb" cst_file="AUTO" weight="1.000" />
			<Template pdb="threaded_pdbs/5cxv_out.pdb" cst_file="AUTO" weight="1.000" />
		</Hybridize>
		<ClearConstraintsMover name="clearconstraints"/>
		<FastRelax name="relax" scorefxn="membrane" repeats="1" dualspace="1" bondangle="1"/>
	</MOVERS>
	<APPLY_TO_POSE>
	</APPLY_TO_POSE>
	<PROTOCOLS>
		<Add mover="hybridize"/>
		<Add mover="clearconstraints"/>
		<Add mover="relax"/>
	</PROTOCOLS>
	<OUTPUT scorefxn="membrane"/>
</ROSETTASCRIPTS>
