<ROSETTASCRIPTS>
	<TASKOPERATIONS>
	</TASKOPERATIONS>
	<SCOREFXNS>
		<ScoreFunction name="stage1" weights="score3" symmetric="0">
		</ScoreFunction>
		<ScoreFunction name="stage2" weights="score4_smooth_cart" symmetric="0">
		</ScoreFunction>
		<ScoreFunction name="fullatom" weights="ref2015_cart" symmetric="0">
		</ScoreFunction>
	</SCOREFXNS>
	<FILTERS>
	</FILTERS>
	<MOVERS>
		<Hybridize name="hybridize" stage1_scorefxn="stage1" stage2_scorefxn="stage2" fa_scorefxn="fullatom" batch="1" stage1_increase_cycles="1.0" stage2_increase_cycles="1.0" linmin_only="1" realign_domains="0"  disulf_file="input_files/3pbl.disulfide">
			<Template pdb="threaded_pdbs/4iar_out.pdb" cst_file="AUTO" weight="1.000" />
			<Template pdb="threaded_pdbs/4bvn_out.pdb" cst_file="AUTO" weight="1.000" />
			<Template pdb="threaded_pdbs/2rh1_out.pdb" cst_file="AUTO" weight="1.000" />
			<Template pdb="threaded_pdbs/5dsg_out.pdb" cst_file="AUTO" weight="1.000" />
			<Template pdb="threaded_pdbs/5cxv_out.pdb" cst_file="AUTO" weight="1.000" />
		</Hybridize>
		<ClearConstraintsMover name="clearconstraints"/>
		<FastRelax name="relax" scorefxn="fullatom" repeats="1" dualspace="1" bondangle="1"/>
	</MOVERS>
	<APPLY_TO_POSE>
	</APPLY_TO_POSE>
	<PROTOCOLS>
		<Add mover="hybridize"/>
		<Add mover="clearconstraints"/>
		<Add mover="relax"/>
	</PROTOCOLS>
	<OUTPUT scorefxn="fullatom"/>
</ROSETTASCRIPTS>
